{"cameraMode":{"drawMode":0,"name":"Shaded","section":"Shading Mode"},"sceneLighting":true,"audioPlay":false,"sceneViewState":{"m_AlwaysRefresh":false,"showFog":true,"showSkybox":true,"showFlares":true,"showImageEffects":true,"showParticleSystems":true,"showVisualEffectGraphs":true,"m_FxEnabled":true},"in2DMode":false,"pivot":{"x":0.8256989121437073,"y":2.2677512168884279,"z":-3.2776613235473635},"rotation":{"x":0.09461823105812073,"y":-0.034035541117191318,"z":0.0032066788990050556,"w":0.9949951767921448},"size":2.915963888168335,"orthographic":false}